{
  "dataset": "data_128p_0.csv",
  "best_params": {
    "embedding_size": 30,
    "learning_rate": 0.0007378990096627615,
    "l1_weight_decay": 6.870981975332955e-06,
    "l2_weight_decay": 0.0007106111374332544,
    "n_steps": 87
  },
  "best_val_loss": 1.3495527873974893,
  "final_train_loss": 0.3075945973396301,
  "sindy_bic": NaN,
  "sindy_ll": NaN,
  "participant_equations": {},
  "participant_metrics": {}
}